SET NAMES 'utf8';

INSERT INTO kbs.benh(id, count, description, name) VALUES
(1, 0, 'Táo bón là một dạng rối loạn đường tiêu hóa, dẫn đến tình trạng đi phân không đều, phân khó đi kèm với cảm giác đau và cứng. Táo bón cấp tính có thể gây tắc ruột, thậm chí có thể phải phẫu thuật', 'Táo bón'),
(2, 0, 'Tiêu chảy (ỉa chảy) là một trong những bệnh lý tiêu hóa phổ biến nhất, xuất hiện ở cả người lớn và trẻ em. Tình trạng được nhận biết dễ dàng bởi dấu hiệu đi ngoài nhiều lần, phân lỏng kèm nước bất thường', 'Tiêu chảy'),
(3, 0, 'Bệnh trào ngược dạ dày – thực quản (GERD: Gastroesophageal Reflux Disease) là tình trạng các chất trong lòng dạ dày trào ngược lên vào thực quản gây ra các triệu chứng khó chịu hay biến chứng. Các chất trào ngược có thể đi vào khoang miệng ở vùng hầu họng, vào thanh quản hoặc vào phổi', 'Trào ngược dạ dày thực quản'),
(4, 0, 'Bệnh trĩ không chỉ đơn thuần là bệnh của tĩnh mạch. Đây là các bệnh của 1 hệ thống mạch máu từ tiểu động mạch, tĩnh mạch, thông nối động tĩnh mạch đến cơ trơn và mô liên kết được lót bởi lớp biểu mô bình thường của ống hậu môn. Đám rối tĩnh mạch nằm ở lớp dưới niêm được nâng đỡ bởi cấu trúc mô sợi đàn hồi. Tình trạng gia tăng áp lực thường xuyên như rặn đi cầu, kèm ứ máu liên tục sẽ dẫn đến phình giãn và tạo các búi trĩ vào trong lòng ống hậu môn. Đồng thời càng lớn tuổi, các cấu trúc mô liên kết nâng đỡ ngày càng bị suy yếu, các búi trĩ tụt dần ra khỏi lỗ hậu môn dẫn đến trĩ nội sa', 'Trĩ'),
(5, 0, 'Sỏi mật là một trong các bệnh về đường tiêu hóa, xảy ra khi có sự xuất hiện của sỏi cholesterol, sỏi sắc tố mật hoặc sỏi hỗn hợp trong túi mật và hệ thống đường dẫn mật trong gan, ống mật chủ', 'Sỏi mật'),
(6, 0, 'Là bệnh do tình trạng ống tiêu hóa rối loạn gây ra. Các biểu hiện của bệnh chủ yếu xuất hiện ở đại tràng, có thể tái phát thường xuyên và nhiều lần. Tuy nhiên, bệnh không gây ra thương tổn về mặt giải phẫu, sinh hóa hay cấu trúc ruột.', 'Hội chứng ruột kích thích');


INSERT INTO kbs.cach_dieu_tri(id, name) VALUES
(1, 'Uống đủ 2 lít nước mỗi ngày'),
(2, 'Ăn nhiều rau xanh'),
(3, 'Tập thể dục'),
(4, 'Không ăn các loại quả xanh chát'),
(5, 'Hạn chế uống nước ngọt đóng chai, bia rượu'),
(6, 'Không nhịn đi đại tiện'),
(7, 'Dùng thuốc nhuận tràng'),
(8, 'Bù nước và chất điện giải'),
(9, 'Dùng thuốc kháng sinh'),
(10, 'Điều chỉnh toa thuốc theo ý kiến bác sĩ'),
(11, 'Điều trị các bệnh khác gây tiêu chảy'),
(12, 'Duy trì cân nặng thích hợp'),
(13, 'Hạn chế các thức ăn nhiều chất béo, dầu mỡ, trái cây vị chua'),
(14, 'Chia bữa ăn thành nhiều bữa nhỏ, không nên ăn quá nhiều'),
(15, 'Kê đầu cao khi nằm (10 - 15cm)'),
(16, 'Tránh mặc quần áo quá chật.'),
(17, 'Hạn chế hút thuốc lá.'),
(18, 'Giảm lo lắng, stress'),
(19, 'Dùng thuốc ức chế bớm Proton (PPI)'),
(20, 'Dùng thuốc trung hoà Acid và Alginate'),
(21, 'Dùng thuốc thụ thể Histamin H2'),
(22, 'Thuốc tác dụng trên chức năng vận động thực quản (Prokinetics)'),
(23, 'Thuốc chống trầm cảm'),
(24, 'Dùng thuốc bôi ngoài da'),
(25, 'Vệ sinh, ngồi chậu nước ấm'),
(26, 'Vận động nhẹ nhàng'),
(27, 'Sử dụng thuốc giảm đau: aflon 500mg, tại chỗ: Proctolog viên đặt hậu môn hoặc dạng cream bôi'),
(28, 'Bổ xung Vitamin C'),
(29, 'Dùng các loại quả hạch'),
(30, 'Uống café'),
(31, 'Bổ xung protein nguồn gốc thực vật'),
(32, 'Dùng thuốc giảm đau: NSAIDs, morphin, meperidine'),
(33, 'Ăn uống đủ chất, có thời gian ăn cố định trong ngày'),
(34, 'Không bỏ bữa'),
(35, 'Không ăn thức ăn khó tiêu: khoai, sắn, bánh ngọt nhiều bơ'),
(36, 'Không ăn hoa quả nhiều đường như cam, quýt, xoài, mít'),
(37, 'Nên thông báo với bác sĩ điều trị để có phương pháp điều chỉnh phù hợp'),
(38, 'Tham gia những hoạt động làm cho bản thân bớt căng thẳng: nghe nhạc, gặp bạn bè người thân, làm những điều bạn thích,...'),
(39, 'Bổ sung probiotic và prebiotic để tăng sức đề kháng với vi khuẩn đường ruột, hỗ trợ quá trình lên men tại ruột già\nNgưng sử dụng thuốc, đồ ăn nhuận tràng, dầu khoáng.\nVận động nhẹ nhàng như đi bơi, đi bộ, yoga trong thời gian có thai.\nGiảm căng thẳng, bởi tâm trạng căng thẳng có thể khiến bệnh thêm trầm trọng.'),
(40, 'Xin tư vấn của bác sĩ chuyên môn'),
(41, 'Sử dụng các biện pháp chữa hội chứng ruột kích thích: ăn uống đủ chất, không ăn thực phẩm khó tiêu, không bỏ bữa,...'),
(42, 'Sử dụng các biện pháp chữa viêm địa tràng: điều chỉnh chế độ ăn uống, gặp bác sĩ,...'),
(43, 'Sử dụng các biện pháp chữa bệnh lý về dạ dày.'),
(44, 'Sử dụng các biện pháp chữa bệnh lý về bệnh của bạn'),
(45, 'Ngưng giao hợp qua đường hậu môn'),
(46, 'Sử dụng các biện pháp chữa tiêu chảy: Uống thuốc, bù nước,...'),
(47, 'Sử dụng các biện pháp chữa táo bón: Uống nhiều nước, ăn nhiều chất xơ, thường xuyên tập thể dục,...'),
(48, 'Thực hiện chế độ giảm cân.\nĂn uống lành mạnh\nThường xuyên tập thể dục.\nHạn chế sử dụng rượu bia, nước ngọt, chất kích thích.'),
(49, 'Ngưng sử dụng thuốc tránh thai'),
(50, 'Vệ sinh tay, uống nhiều nước, không dùng chung vật dụng cá nhân, khử trùng nguồn gây bệnh.'),
(51, 'Sử dụng men vi sinh, ăn uống khoa học'),
(52, 'Tránh ăn nhiều sữa và các sản phẩm từ sữa, chỉ ăn một phần nhỏ các sản phẩm sữa trong bữa ăn hằng ngày, sử dụng các sản phẩm kem và sữa có chứa ít lactose'),
(53, 'Cần theo dõi thêm'),
(54, 'Sử dụng thuốc ức chế bơm proton kết hợp với thuốc kháng sinh'),
(55, 'Điều trị các bệnh lý trước đó');


INSERT INTO kbs.cach_dieu_tri_benh(id, id_benh, id_cachdieutri) VALUES
(1, 1, 1),
(2, 1, 2),
(3, 1, 3),
(4, 1, 4),
(5, 1, 5),
(6, 1, 6),
(7, 1, 7),
(8, 2, 8),
(9, 2, 9),
(10, 2, 10),
(11, 2, 11),
(12, 3, 12),
(13, 3, 13),
(14, 3, 14),
(15, 3, 15),
(16, 3, 16),
(17, 3, 17),
(18, 3, 18),
(19, 3, 19),
(20, 3, 20),
(21, 3, 21),
(22, 3, 22),
(23, 3, 23),
(24, 4, 24),
(25, 4, 25),
(26, 4, 26),
(27, 4, 27),
(28, 5, 28),
(29, 5, 29),
(30, 5, 30),
(31, 5, 31),
(32, 5, 32),
(33, 6, 33),
(34, 6, 34),
(35, 6, 35),
(36, 6, 36),
(37, 4, 2),
(38, 5, 3),
(39, 6, 5),
(40, 6, 7),
(41, 6, 13),
(42, 4, 16),
(43, 6, 18),
(44, 6, 2),
(45, 6, 3),
(46, 3, 5),
(47, 4, 13),
(48, 1, 37),
(49, 1, 38),
(50, 1, 39),
(51, 2, 40),
(52, 2, 40),
(53, 2, 40),
(54, 2, 41),
(55, 2, 42),
(56, 3, 43),
(57, 3, 44),
(58, 3, 39),
(59, 3, 40),
(60, 3, 40),
(61, 4, 39),
(62, 4, 40),
(63, 4, 40),
(64, 4, 45),
(65, 4, 46),
(66, 4, 47),
(67, 5, 48),
(68, 5, 49),
(69, 5, 40),
(70, 5, 39),
(71, 5, 40),
(72, 5, 40),
(73, 5, 40),
(74, 6, 38),
(75, 6, 50),
(76, 6, 40),
(77, 6, 40);


INSERT INTO kbs.cach_dieu_tri_nguyen_nhan(id, id_cachdieutri, id_nguyennhan) VALUES
(1, 2, 1),
(2, 1, 2),
(3, 37, 3),
(4, 38, 4),
(5, 39, 5),
(6, 51, 6),
(7, 25, 7),
(8, 51, 8),
(9, 52, 9),
(10, 33, 10),
(11, 41, 11),
(12, 42, 12),
(13, 37, 13),
(14, 5, 14),
(15, 43, 15),
(16, 44, 16),
(17, 33, 17),
(18, 35, 18),
(19, 12, 19),
(20, 39, 46),
(21, 38, 20),
(22, 53, 21),
(23, 54, 22),
(24, 3, 23),
(25, 3, 24),
(26, 1, 25),
(27, 2, 26),
(28, 2, 27),
(29, 12, 47),
(30, 39, 46),
(31, 53, 28),
(32, 55, 29),
(33, 45, 30),
(34, 46, 31),
(35, 47, 32),
(36, 33, 33),
(37, 33, 34),
(38, 48, 35),
(39, 12, 47),
(40, 49, 36),
(41, 53, 37),
(42, 39, 46),
(43, 55, 38),
(44, 55, 39),
(45, 53, 40),
(46, 38, 20),
(47, 35, 41),
(48, 50, 42),
(49, 10, 43),
(50, 53, 44),
(51, 53, 45);


INSERT INTO kbs.cach_dung(id, uset, id_thuoc) VALUES
(1, 'Lấy Duphalac dụng cụ đong liều (bằng muỗng hoặc cốc đo liều). Có thể trộn thuốc với nước hoặc nước trái cây. Tốt nhất nên uống nhiều nước (khoảng 6-8 ly trong suốt cả ngày). Sau khi pha xong nên uống ngay lập tức. Không những vậy, đừng ngậm dung dịch thuốc trong miệng. Vì hàm lượng đường trong thuốc có thể dẫn đến tình trạng sâu răng, đặc biệt nếu dùng trong thời gian dài.', 1),
(2, 'Dùng dạng viên bao bisacodyl tan trong ruột, do đó không được nhai thuốc trước khi uống, các thuốc kháng acid và sữa cũng phải uống cách xa 1 giờ.', 2),
(3, 'Bạn không được nhai, bẻ hoặc nghiền viên thuốc, bạn phải nuốt nguyên viên với một cốc nước đầy. Bạn nên uống thuốc sau khi ăn, trước khi đại tiện 5-20 phút.', 3),
(4, 'Thích hợp nhất là uống vào buổi sáng và tối trước khi ăn khoảng từ 1-2h.', 4),
(5, 'Với viên nhai, bạn nhai hoặc ngậm thuốc trong miệng cho đến khi hòa tan, với dạng viên uống, bạn chỉ cần dùng kèm thuốc với chút nước.', 5),
(6, 'Thuốc Smecta được bào chế dưới dạng gói bột pha hỗn dịch uống. Thuốc sau khi pha nên được dùng ngay, trước mỗi lần dùng cần lắc và khuấy đều. Uống sau bữa ăn với người bệnh viêm thực quản. Uống xa bữa ăn với các chỉ định tiêu chảy.', 6),
(7, 'Uống thuốc sau bữa ăn và thời điểm buổi tối trước khi đi ngủ. Thời điểm sử dụng các thuốc khác nên cách xa ít nhất 2 tiếng với thời điểm sử dụng Gaviscon', 7),
(8, 'Dùng 30 phút trước bữa ăn và trước khi đi ngủ, tùy thuộc vào các triệu chứng đang được điều trị và đáp ứng lâm sàng. Thời gian điều trị không được vượt quá 12 tuần.', 8),
(9, 'Có thể sử dụng Gastropulgite uống trước hay sau ăn đều được, hoặc sử dụng thuốc khi có triệu chứng đau hay trào ngược dạ dày. Cách sử dụng: Cho 1 gói bột Gastropulgite vào khoảng 50mL nước lọc, khuấy đều hòa tan thuốc và uống ngay. Có thể thêm một ít nước để tráng lại cốc và uống lại.', 9),
(10, 'Thuốc Diosmin được bào chế ở dạng viên uống. Do đó, hãy dùng viên uống này cùng một cốc nước với dung tích vừa đủ. Nên uống thuốc trong bữa ăn.', 10),
(11, 'Thuốc Venrutine được dùng bằng đường uống.', 11),
(12, 'Bạn nên uống thuốc acid ursodeoxycholic bằng cách nuốt nguyên viên cùng với nước lọc. Nên ăn nhẹ trước hoặc sau khi uống thuốc để tránh bị kích ứng trên đường tiêu hóa. Nếu dùng với liều 1 viên/ngày thì thời điểm dùng thuốc tốt nhất là trước khi đi ngủ. Trường hợp phải dùng 2 viên/ngày, bạn nên uống vào buổi sáng và buổi tối ngay sau khi ăn.', 12),
(13, 'Uống thuốc kèm hoặc không kém thức ăn, thường là hai lần một ngày: một lần vào buổi sáng và một lần vào buổi tối, hoặc theo chỉ dẫn của bác sĩ.', 13),
(14, 'Thuốc nên được pha với nửa ly nước, uống trước các bữa ăn. Đối với trẻ nhỏ hoặc bệnh nhân khó uống thuốc, có thể trộn khô thuốc với đường trước khi cho nước để có vị ngon, dễ uống hơn.', 14),
(15, 'Bạn nên uống thuốc trước ăn khoảng 20 phút để hạn chế những triệu chứng do thuốc tương tác với thức ăn. Ngoài ra, bạn không nhai, bẻ hoặc nghiền viên thuốc mà hãy nuốt nguyên viên. Uống thuốc với ít nhất 100 ml nước.', 15);


INSERT INTO kbs.caset(id, id_benh) VALUES
(1, 1),
(2, 1),
(3, 2),
(4, 3),
(5, 4),
(6, 5),
(7, 6);


INSERT INTO kbs.cau_hoi_nguyen_nhan(id, answer, cauhoi, id_benh, id_nguyennhan) VALUES
(1, 'no', 'Bạn có thường xuyên ăn nhiều rau xanh không?', 1, 1),
(2, 'no', 'Bạn có uống đủ 1,5l nước một ngày không?', 1, 2),
(3, 'yes', 'Gần đây bạn có sử dụng các loại thuốc đặc trị không?', 1, 3),
(4, 'yes', 'Bạn có thường xuyên bị căng thẳng không?', 1, 4),
(5, 'yes', 'Bạn có đang trong thời gian thai kì không?', 1, 5),
(6, 'yes', 'Gần đây bạn có sử dụng nước bị ô nhiễm hoặc ăn các món ăn như gỏi, đồ tái sống, các món ăn \nkhông đảm bảo vệ sinh không?', 2, 6),
(7, 'no', 'Bạn có thường xuyên vệ sinh cá nhân, không gian nhà ở sạch sẽ không?', 2, 7),
(8, 'yes', 'Bạn gần đây có sử dụng nhiều thuốc kháng sinh không?', 2, 8),
(9, 'no', 'Bạn gần đây có ăn nhiều các sản phẩm như trái cây, mật ong, sữa và chế phẩm từ sữa không?', 2, 9),
(10, 'yes', 'Bạn có ăn các sản phẩm đã bị ôi thiu không?', 2, 10),
(11, 'yes', 'Bạn có ăn các sản phẩm đã bị ôi thiu không?', 2, 11),
(12, 'yes', 'Bạn có từng bị bệnh viêm đại tràng không?', 2, 12),
(13, 'yes', 'Bạn có đang dùng các loại thuốc có tác dụng phụ không?', 3, 13),
(14, 'yes', 'Bạn có hay hút thuốc lá hay uống rượu bia không?', 3, 14),
(15, 'yes', 'Bạn có tiền sử bệnh lý về dạ dày không?', 3, 15),
(16, 'yes', 'Bạn có đang mắc các bệnh lý khác không?', 3, 16),
(17, 'yes', 'Bạn có thường hay ăn quá no không?', 3, 17),
(18, 'yes', 'Bạn có hay ăn các thực phẩm khó tiêu như nước ngọt, cà phê, rượu, sữa,… không?', 3, 18),
(19, 'yes', 'Bạn có bị thừa cân hay béo phì không?', 3, 19),
(20, 'yes', 'Bạn có đang mang thai không?', 3, 46),
(21, 'yes', 'Bạn có đang cảm thấy stress không?', 3, 20),
(22, 'yes', 'Bạn có ông bà, bố mẹ hay người thân mắc chứng tương tự không?', 3, 21),
(23, 'yes', 'Bạn có đang bị nhiễm khuẩn Helicobacter pylori không?', 3, 22),
(24, 'yes', 'Bạn có thường xuyên ngồi liên tục nhiều giờ không?', 4, 23),
(25, 'no', 'Bạn có thường xuyên tập thể dục không?', 4, 24),
(26, 'no', 'Bạn có thường xuyên uống nước không?', 4, 25),
(27, 'yes', 'Bạn có hay ăn đồ cay nóng không?', 4, 26),
(28, 'no', 'Bạn có thường ăn rau xanh, chất xơ trong các bữa ăn không?', 4, 27),
(29, 'yes', 'Bạn có bị béo phì không?', 4, 47),
(30, 'yes', 'Bạn có đang mang thai không?', 4, 46),
(31, 'yes', 'Bạn có phải người lớn tuổi không?', 4, 28),
(32, 'yes', 'Bạn có bệnh lý u đường trực tràng, hậu môn hay tử cung không?', 4, 29),
(33, 'yes', 'Bạn có thường hay giao hợp qua đường hậu môn không?', 4, 30),
(34, 'yes', 'Bạn có đang bị tiêu chảy không?', 4, 31),
(35, 'yes', 'Bạn có đang bị táo bón mãn tính không?', 4, 32),
(36, 'yes', 'Bạn có nhịn ăn thường xuyên không?', 5, 33),
(37, 'yes', 'Bạn có đang bị sụt cân không?', 5, 34),
(38, 'yes', 'Bạn có đang bị béo phì không?', 5, 35),
(39, 'yes', 'Bạn có đang bị béo phì không?', 5, 47),
(40, 'yes', 'Bạn có đang uống thuốc tránh thai không?', 5, 36),
(41, 'yes', 'Bạn có đang sử dụng các loại thuốc nội tiết tố không?', 5, 37),
(42, 'yes', 'Bạn có đang mang thai không?', 5, 46),
(43, 'yes', 'Bạn có đang bị các bệnh mãn tính như đái tháo đường không?', 5, 38),
(44, 'yes', 'Bạn có đang mắc các bệnh lý huyết học không?', 5, 39),
(45, 'yes', 'Trong gia đình bạn có ai bị sỏi mật không?', 5, 40),
(46, 'yes', 'Bạn có đang gặp áp lực trong gia đình hay công việc không?', 6, 20),
(47, 'yes', 'Bạn có hay ăn các thực phẩm có vị chua, hay thực phẩm khó tiêu không?', 6, 41),
(48, 'yes', 'Bạn có đang bị nhiễm khuẩn đường tiêu hoá không?', 6, 42),
(49, 'yes', 'Bạn có đang sử dụng thuốc kháng sinh không?', 6, 43),
(50, 'yes', 'Trong gia đình bạn có ai bị hội chứng ruột kích thícht không?', 6, 44),
(51, 'yes', 'Bạn có đang đến kỳ kinh nguyệt không?', 6, 45);


INSERT INTO kbs.do_pho_bien(id, coefficient, description, frequency, similar) VALUES
(1, 1, 'không', 'Không bao giờ', 0),
(2, 2, 'rất ít', 'Hiếm khi', 0.25),
(3, 3, 'lúc nhiều, lúc ít. Lúc có, lúc không. Hơi hơi, không chắc chắn', 'Không đặc trưng', 0.5),
(4, 4, 'nhiều, khá nhiều', 'Thường thường', 0.75),
(5, 5, 'rất nhiều, khẳng định, chắc chắn', 'Luôn luôn', 1);


INSERT INTO kbs.lieu_dung(id, dosage, maxage, minage, id_thuoc) VALUES
(1, '5ml/ngày', 1, 0, 1),
(2, '5-10ml/ngày', 6, 1, 1),
(3, 'Liều khởi đầu 15ml/ngày, sau đó tùy vào đáp ứng của cơ thể, có thể điều chỉnh liều dùng 10-15ml/ngày', 14, 7, 1),
(4, 'Liều khởi đầu, 15-45ml/ngày, sau đó có thể điều chỉnh liều dùng 15-30ml/ngày', 100, 15, 1),
(5, 'Không nên dùng thuốc', 5, 0, 2),
(6, '1 viên bao 5mg/buổi tối hoặc 1 viên đạn trực tràng 5mg/buổi sáng.', 10, 6, 2),
(7, '1-2 viên bao 5mg/buổi tối hoặc 1 viên đạn trực tràng 5mg/buổi sáng.', 100, 11, 2),
(8, 'Không nên dùng thuốc', 5, 0, 3),
(9, '0,5-1 gói/lần hoặc 2,5-5ml/lần,, ngày uống 1-2 lần.', 15, 6, 3),
(10, '1-2 gói/lần hoặc 5-10ml/lần, ngày uống 1-2 lần.', 100, 16, 3),
(11, 'Không nên dùng thuốc', 1, 0, 4),
(12, 'uống 2 viên 10mg/lần x 2 lần/ngày', 4, 2, 4),
(13, 'Uống 5 viên 10mg/lần x 2 lần/ngày', 7, 5, 4),
(14, 'Uống 10 viên 10mg/lần x 2 lần/ngày', 15, 8, 4),
(15, 'Uống 12-15 viên 10mg/lần x 2 lần/ngày', 100, 16, 4),
(16, 'Không nên dùng thuốc', 11, 0, 5),
(17, 'Cứ mỗi 30 phút dùng 2 viên pepto bismol hoặc 4 viên mỗi giờ. Và không dùng quá 16 viên trong vòng 24 giờ.', 100, 12, 5),
(18, '2 gói/ ngày x 3 ngày, sau đó 1 gói/ ngày.', 1, 0, 6),
(19, '4 gói/ ngày x 3 ngày, sau đó 2 gói/ ngày.', 15, 1, 6),
(20, 'trung bình 3 gói/ ngày.', 100, 16, 6),
(21, 'Không nên dùng thuốc', 11, 0, 7),
(22, 'Uống 1 – 2 gói/lần và uống tối đa 4 lần/ngày.', 100, 12, 7),
(23, 'Không nên dùng thuốc', 1, 0, 8),
(24, '0,1 – 0,15 mg/kg/lần (tối đa 10 mg/lần). Không nên sử dụng quá 0,5 mg/kg/ngày (hay 30 mg/ngày)', 18, 1, 8),
(25, '5 - 10 mg/lần, không nên vượt quá 3 lần/ngày', 100, 19, 8),
(26, 'Không nên dùng thuốc', 5, 0, 9),
(27, 'Ngày uống 3 lần, mỗi lần 1/3 – 1 gói', 15, 6, 9),
(28, 'Ngày uống 2-4 gói (không uống quá 6 gói/ngày), mỗi lần 1 gói', 100, 16, 9),
(29, 'Không nên dùng thuốc', 15, 0, 10),
(30, 'Cơn trĩ cấp: Uống 6 viên thuốc/ngày trong 4 ngày, sau đó 4 viên/ngày trong 3 ngày, sau đó uống 2 viên/ngày;\nTrĩ mãn tính: Uống 2 viên thuốc/ngày kèm với bữa ăn.', 59, 16, 10),
(31, 'Không nên dùng thuốc', 100, 60, 10),
(32, 'Không nên dùng thuốc', 5, 0, 11),
(33, 'Uống 1/2 viên, 1 - 2 lần mỗi ngày.', 15, 6, 11),
(34, 'Uống 1 viên, 1 - 2 lần mỗi ngày.', 100, 16, 11),
(35, 'Không nên dùng thuốc', 5, 0, 12),
(36, '20 - 30mg/kg/ngày chia 2 - 3 lần.', 18, 6, 12),
(37, '8 - 12 mg/kg/ngày chia 1 - 3 lần.', 100, 19, 12),
(38, 'Không nên dùng thuốc', 17, 0, 13),
(39, '13 - 16 mg/kg thể trọng/ngày, chia làm 2 lần', 100, 18, 13),
(40, 'Không nên dùng thuốc', 5, 0, 14),
(41, 'Trẻ dưới 10kg uống 1 gói / ngày. Với trẻ trên 10 kg, uống 2 gói/ ngày.', 15, 6, 14),
(42, 'Uống 2 – 3 gói mỗi ngày.', 100, 16, 14),
(43, 'Không nên dùng thuốc', 2, 0, 15),
(44, 'Không dùng viên 200mg, vì hàm lượng hoạt chất cao, chỉ dùng viên có hàm lượng 135mg.', 10, 3, 15),
(45, '1 viên 200mg, ngày 2 lần sáng và tối', 100, 11, 15);


INSERT INTO kbs.nguyen_nhan(id, name) VALUES
(1, 'Không ăn đủ chất xơ'),
(2, 'Không uống đủ nước'),
(3, 'Sử dụng một số loại thuốc đặc trị'),
(4, 'Thường xuyên căng thẳng'),
(5, 'Trong thời gian thai kỳ'),
(6, 'Nhiễm vi sinh vật gây bệnh đường ruột'),
(7, 'Không giữ gìn vệ sinh'),
(8, 'Rối loạn vi sinh thường trú đường ruột'),
(9, 'Không hấp thụ đường'),
(10, 'Ngộ độc thực phẩm'),
(11, 'Hội chứng ruột kích thích'),
(12, 'Viêm đại tràng'),
(13, 'Tác dụng phụ của thuốc Tây'),
(14, 'Thói quen sinh hoạt dùng các chất kích thích và gây nghiện'),
(15, 'Bệnh lý dạ dày'),
(16, 'Các bệnh lý'),
(17, 'Ăn quá no'),
(18, 'Ăn nhiều thực phẩm khó tiêu'),
(19, 'Thừa cân béo phì'),
(20, 'Stress'),
(21, 'Yếu tố gene di truyền'),
(22, 'Vi khuẩn Helicobacter pylori'),
(23, 'Thường xuyên ngồi liên tục nhiều giờ'),
(24, 'Ít vận động'),
(25, 'Uống nước ít'),
(26, 'Thường xuyên sử dụng đồ ăn cay nóng'),
(27, 'Thiếu rau xanh, chất xơ trong bữa ăn hàng ngày'),
(28, 'Lớn tuổi'),
(29, 'Có bệnh lý u đường trực tràng, hậu môn, tử cung'),
(30, 'Giao hợp qua đường hậu môn'),
(31, 'Tiêu chảy'),
(32, 'Táo bón mãn tính'),
(33, 'Nhịn ăn'),
(34, 'Giảm cân nhanh'),
(35, 'Nồng độ cholesterol trong máu cao'),
(36, 'Uống thuốc tránh thai'),
(37, 'Sử dụng liệu pháp thay thế nội tiết tố cho các triệu chứng mãn kinh'),
(38, 'Bệnh mãn tính: như bệnh đái tháo đường'),
(39, 'Bệnh lý huyết học: thiếu máu tán huyết'),
(40, 'Do di truyền'),
(41, 'Ăn một số thực phẩm'),
(42, 'Nhiễm khuẩn đường tiêu hoá'),
(43, 'Tác dụng phụ khi sử dụng kháng sinh'),
(44, 'Yếu tố di truyền'),
(45, 'Sự thay đổi nồng độ hormone trong chu kỳ kinh nguyệt'),
(46, 'Mang thai'),
(47, 'Béo phì');


INSERT INTO kbs.nguyen_nhan_benh(id, id_benh, id_nguyennhan) VALUES
(1, 1, 1),
(2, 1, 2),
(3, 1, 3),
(4, 1, 4),
(5, 1, 5),
(6, 2, 6),
(7, 2, 7),
(8, 2, 8),
(9, 2, 9),
(10, 2, 10),
(11, 2, 11),
(12, 2, 12),
(13, 3, 13),
(14, 3, 14),
(15, 3, 15),
(16, 3, 16),
(17, 3, 17),
(18, 3, 18),
(19, 3, 19),
(20, 3, 46),
(21, 3, 20),
(22, 3, 21),
(23, 3, 22),
(24, 4, 23),
(25, 4, 24),
(26, 4, 25),
(27, 4, 26),
(28, 4, 27),
(29, 4, 47),
(30, 4, 46),
(31, 4, 28),
(32, 4, 29),
(33, 4, 30),
(34, 4, 31),
(35, 4, 32),
(36, 5, 33),
(37, 5, 34),
(38, 5, 35),
(39, 5, 47),
(40, 5, 36),
(41, 5, 37),
(42, 5, 46),
(43, 5, 38),
(44, 5, 39),
(45, 5, 40),
(46, 6, 20),
(47, 6, 41),
(48, 6, 42),
(49, 6, 43),
(50, 6, 44),
(51, 6, 45);


INSERT INTO kbs.tham_so(id, id_case, id_trieuchung_benh) VALUES
(1, 1, 1),
(2, 1, 2),
(3, 1, 3),
(4, 1, 4),
(5, 1, 5),
(6, 1, 6),
(7, 2, 7),
(8, 2, 8),
(9, 2, 9),
(10, 2, 10),
(11, 2, 11),
(12, 2, 12),
(13, 3, 13),
(14, 3, 14),
(15, 3, 15),
(16, 3, 16),
(17, 3, 17),
(18, 3, 18),
(19, 3, 19),
(20, 3, 20),
(21, 3, 21),
(22, 3, 22),
(23, 3, 23),
(24, 3, 24),
(25, 3, 25),
(26, 3, 26),
(27, 3, 27),
(28, 4, 28),
(29, 4, 29),
(30, 4, 30),
(31, 4, 31),
(32, 4, 32),
(33, 4, 33),
(34, 4, 34),
(35, 4, 35),
(36, 4, 36),
(37, 4, 37),
(38, 4, 38),
(39, 4, 39),
(40, 4, 40),
(41, 5, 41),
(42, 5, 42),
(43, 5, 43),
(44, 5, 44),
(45, 5, 45),
(46, 5, 46),
(47, 5, 47),
(48, 5, 48),
(49, 5, 49),
(50, 5, 50),
(51, 5, 51),
(52, 6, 52),
(53, 6, 53),
(54, 6, 54),
(55, 6, 55),
(56, 6, 56),
(57, 6, 57),
(58, 6, 58),
(59, 6, 59),
(60, 7, 60),
(61, 7, 61),
(62, 7, 62),
(63, 7, 63),
(64, 7, 64),
(65, 7, 65),
(66, 7, 66),
(67, 7, 67),
(68, 7, 68),
(69, 7, 69),
(70, 7, 70),
(71, 7, 71),
(72, 7, 72),
(73, 7, 73),
(74, 7, 74),
(75, 7, 75);


INSERT INTO kbs.thuoc(id, description, thuoc) VALUES
(1, 'Duphalac là một biệt dược, thành phần chính là lactulose – một disaccharide tổng hợp. Lactulose có trong Duphalac có tác dụng thẩm thấu ngay tại chỗ ở đại tràng, giúp mềm phân và kích thích nhu động ruột hiệu quả.', 'Duphalac'),
(2, 'Bisacodyl là thuốc nhuận tràng kích thích, thường được chỉ định trong điều trị táo bón vô căn, táo bón do dùng thuốc, hoặc táo bón do Hội chứng ruột kích thích (IBS).', 'Bisacodyl'),
(3, 'Normacol được chỉ định dùng trong phòng ngừa, kiểm soát và điều trị táo bón do chế độ ăn thiếu chất xơ, táo bón vô căn và bà bầu bị táo bón thai kỳ. Thành phần chính của Normacol là gôm sterculia, thường được bào chế dưới dạng thuốc cốm bao đường.', 'Normacol'),
(4, 'Berberin là loại thuốc cầm tiêu chảy khá nổi tiếng và được nhiều người quen sử dụng. Thuốc được chiết xuất chủ yếu từ các thành phần thảo dược có khả năng kháng khuẩn, chống viêm hiệu quả, giúp điều trị một số tổn thương do viêm nhiễm.', 'Berberin'),
(5, 'Thuốc Pepto Bismol thường được dùng để điều trị các vấn đề về tiêu hóa (tiêu chảy cấp, tiêu chảy du lịch) và tình trạng khó chịu ở dạ dày (như ợ nóng, ợ chua, buồn nôn, khó tiêu).', 'Pepto Bismol'),
(6, 'Smecta có tác dụng tạo ra một lớp mỏng bao phủ niêm mạc đại tràng giúp bảo vệ niêm mạc, giảm tình trạng kích ứng và giảm số lần đi ngoài.', 'Smecta'),
(7, 'Gaviscon là thuốc điều trị trào ngược dạ dày thực quản khá phổ biến, dễ mua, dễ sử dụng. Thuốc có tác dụng cải thiện các triệu chứng ợ hơi, ợ chua, ợ nóng của bệnh trào ngược dạ dày. Đồng thời làm giảm các cơn đau tức ngực hay đau do tổn thương niêm mạc thực quản.', 'Gaviscon'),
(8, 'Metoclopramide là một loại thuốc chuyên dụng để điều trị các bệnh liên quan đến đường ruột và dạ dày, đặc biệt là hội chứng trào ngược dạ dày. Metoclopramide được dùng để cải thiện các triệu chứng khó tiêu, ợ nóng, thường sử dụng trong điều trị bệnh ngắn hạn.', 'Metoclopramide'),
(9, 'Hấp phụ các độc tố nhờ có Attapulgite, giúp cơ thể nhanh chóng đào thải các loại vi khuẩn gây ra bệnh lý về tiêu hóa, đồng thời hạn chế mất nước. Thuốc Gastropulgite còn có khả năng đệm trung hòa và kháng acid không hồi ứng. Với khả năng bao phủ đều trên khắp bề mặt, Gastropulgite dễ dàng tạo ra một màng bảo vệ trên phần niêm mạc của dạ dày, thực quản...', 'Gastropulgite'),
(10, 'Điều trị các triệu chứng suy tĩnh mạch mãn tính chi dưới như: Đau và nặng nề chân, cảm giác nóng rát, suy chức năng, phù, chuột rút về đêm. Điều trị các triệu chứng trĩ cấp và mãn tính.', 'Diosmin'),
(11, 'Venrutine tăng cường tính ổn định của tĩnh mạch búi trĩ, từ đó giúp phòng ngừa tình trạng búi trĩ phình to.', 'Venrutine'),
(12, 'Thuốc ursodeoxycholic có tác dụng hòa tan sỏi mật cholesterol bằng cách ức chế quá trình sản xuất cholesterol ở gan và làm giảm hấp thu cholesterol tại ruột. Bên cạnh đó, Acid ursodeoxycholic còn giúp ngăn ngừa nguy cơ phát triển sỏi mật ở người đang áp dụng các biện pháp giảm cân nhanh chóng.', 'Acid Ursodeoxycholic'),
(13, 'Thuốc được sử dụng trong điều trị sỏi mật để làm tan sỏi cholesterol. Thuốc hiệu quả nhờ hòa tan cholesterol tạo sỏi mật và ức chế quá trình sản xuất cholesterol trong gan, giảm hấp thụ cholesterol ở ruột, từ đó giảm sự hình thành sỏi mật. Thuốc cũng có thể làm giảm lượng axit mật khác gây hại cho các tế bào gan khi mức độ tăng cao.', 'Acid chenodeoxycholic'),
(14, 'Thuốc Actapulgite có khả năng hấp thu độc tố, giúp cơ thể chóng đào thải vi khuẩn gây tiêu chảy, giảm tình trạng mất nước của cơ thể. Bên cạnh đó, thuốc còn tạo ra một lớp màng bao bọc niêm mạc ruột, bảo vệ ruột không bị tổn thương.', 'Actapulgite'),
(15, 'Thuốc chống co thắt có tác dụng trực tiếp trên cơ trơn của dạ dày, ruột mà không gây ảnh hưởng đến nhu động bình thường của cơ trơn đường tiêu hoá. Thuốc có tác động trên nhiều cơ chế khác nhau như giảm tính thẩm thấu của các kênh ion, ngăn chặn tái hấp thu noradrenalin và thay đổi sự hấp thu nước. Có tác dụng chống co thắt, giúp nhu động ruột ở mức bình thường mà không gây giảm trương lực đường tiêu hóa.', 'Duspatalin');


INSERT INTO kbs.thuoc_benh(id, id_benh, id_thuoc) VALUES
(1, 1, 1),
(2, 1, 2),
(3, 1, 3),
(4, 2, 4),
(5, 2, 5),
(6, 2, 6),
(7, 3, 7),
(8, 3, 8),
(9, 3, 9),
(10, 4, 10),
(11, 4, 11),
(12, 5, 12),
(13, 5, 13),
(14, 6, 14),
(15, 6, 15);


INSERT INTO kbs.trieu_chung(id, name) VALUES
(1, 'quá 3 ngày không thể đại tiện'),
(2, 'chướng bụng'),
(3, 'rặn nhưng không đại tiện được'),
(4, 'rất khó để tống phân ra ngoài'),
(5, 'phân cứng'),
(6, 'phân lẫn máu'),
(7, 'không thể đi đại tiện 3 lần/tuần'),
(8, 'đại tiện khó'),
(9, 'phân có chất nhầy'),
(10, 'đầy bụng'),
(11, 'sôi bụng'),
(12, 'đi đại tiện liên tục'),
(13, 'đi đại tiện nhiều lần'),
(14, 'phân lỏng'),
(15, 'đại tiện ra nước'),
(16, 'buồn nôn'),
(17, 'cơ thể mệt mỏi'),
(18, 'chuột rút'),
(19, 'khát nước'),
(20, 'da khô'),
(21, 'tiểu ít'),
(22, 'đau bụng'),
(23, 'ợ nóng'),
(24, 'ợ trớ'),
(25, 'đau ngực'),
(26, 'nuốt nghẹn'),
(27, 'nuốt đau'),
(28, 'nuốt khó'),
(29, 'mất ngủ'),
(30, 'viêm thực quản'),
(31, 'hen phế quản'),
(32, 'viêm xoang'),
(33, 'ho mãn tính'),
(34, 'chảy máu hậu môn'),
(35, 'ngứa hậu môn'),
(36, 'đau hậu môn'),
(37, 'sưng hậu môn'),
(38, 'có khối nhô gần hậu môn'),
(39, 'rát hậu môn'),
(40, 'khó chịu khi ngồi ghế'),
(41, 'khó chịu khi nằm ngửa'),
(42, 'đau quặn mật'),
(43, 'vã mồ hôi'),
(44, 'cơn đau kéo dài'),
(45, 'đau bụng sau ăn'),
(46, 'đau thượng vị'),
(47, 'táo bón'),
(48, 'đại tiện đau'),
(49, 'tiêu chảy'),
(50, 'mót tiểu'),
(51, 'tiểu són'),
(52, 'tiểu nhiều lần'),
(53, 'đau bụng âm ỉ'),
(54, 'đau bụng thường xuyên'),
(55, 'khó tiêu'),
(56, 'nôn'),
(57, 'căng thẳng');


INSERT INTO kbs.trieu_chung_benh(id, count, id_benh, id_dophobien, id_trieuchung) VALUES
(1, 0, 1, 5, 1),
(2, 0, 1, 3, 2),
(3, 0, 1, 5, 3),
(4, 0, 1, 5, 4),
(5, 0, 1, 5, 5),
(6, 0, 1, 4, 6),
(7, 0, 1, 5, 7),
(8, 0, 1, 5, 8),
(9, 0, 1, 4, 34),
(10, 0, 1, 3, 9),
(11, 0, 1, 3, 10),
(12, 0, 1, 3, 2),
(13, 0, 2, 4, 10),
(14, 0, 2, 3, 2),
(15, 0, 2, 4, 11),
(16, 0, 2, 5, 12),
(17, 0, 2, 5, 13),
(18, 0, 2, 5, 14),
(19, 0, 2, 5, 15),
(20, 0, 2, 4, 16),
(21, 0, 2, 5, 17),
(22, 0, 2, 3, 18),
(23, 0, 2, 4, 19),
(24, 0, 2, 4, 20),
(25, 0, 2, 4, 21),
(26, 0, 2, 4, 22),
(27, 0, 2, 3, 6),
(28, 0, 3, 5, 23),
(29, 0, 3, 5, 24),
(30, 0, 3, 4, 25),
(31, 0, 3, 4, 26),
(32, 0, 3, 4, 27),
(33, 0, 3, 4, 28),
(34, 0, 3, 4, 16),
(35, 0, 3, 3, 56),
(36, 0, 3, 3, 29),
(37, 0, 3, 3, 30),
(38, 0, 3, 3, 31),
(39, 0, 3, 2, 32),
(40, 0, 3, 2, 33),
(41, 0, 4, 5, 6),
(42, 0, 4, 5, 34),
(43, 0, 4, 4, 35),
(44, 0, 4, 4, 36),
(45, 0, 4, 5, 37),
(46, 0, 4, 5, 38),
(47, 0, 4, 5, 39),
(48, 0, 4, 5, 40),
(49, 0, 4, 5, 41),
(50, 0, 4, 4, 8),
(51, 0, 4, 4, 17),
(52, 0, 5, 5, 42),
(53, 0, 5, 3, 43),
(54, 0, 5, 3, 16),
(55, 0, 5, 4, 56),
(56, 0, 5, 4, 22),
(57, 0, 5, 5, 44),
(58, 0, 5, 5, 45),
(59, 0, 5, 5, 46),
(60, 0, 6, 4, 47),
(61, 0, 6, 3, 48),
(62, 0, 6, 4, 49),
(63, 0, 6, 3, 50),
(64, 0, 6, 3, 51),
(65, 0, 6, 3, 52),
(66, 0, 6, 5, 22),
(67, 0, 6, 4, 53),
(68, 0, 6, 4, 54),
(69, 0, 6, 5, 2),
(70, 0, 6, 3, 9),
(71, 0, 6, 3, 55),
(72, 0, 6, 2, 23),
(73, 0, 6, 2, 56),
(74, 0, 6, 3, 16),
(75, 0, 6, 3, 57);

UPDATE `kbs`.`cach_dieu_tri_nguyen_nhan` SET `id_cachdieutri` = '34' WHERE (`id` = '36');
DELETE FROM `kbs`.`cach_dieu_tri_benh` WHERE (`id` = '77');
DELETE FROM `kbs`.`cach_dieu_tri_benh` WHERE (`id` = '59');
DELETE FROM `kbs`.`cach_dieu_tri_benh` WHERE (`id` = '60');
DELETE FROM `kbs`.`cach_dieu_tri_benh` WHERE (`id` = '62');
DELETE FROM `kbs`.`cach_dieu_tri_benh` WHERE (`id` = '63');
DELETE FROM `kbs`.`cach_dieu_tri_benh` WHERE (`id` = '69');
DELETE FROM `kbs`.`cach_dieu_tri_benh` WHERE (`id` = '71');
DELETE FROM `kbs`.`cach_dieu_tri_benh` WHERE (`id` = '72');
DELETE FROM `kbs`.`cach_dieu_tri_benh` WHERE (`id` = '73');
DELETE FROM `kbs`.`cach_dieu_tri_benh` WHERE (`id` = '76');
DELETE FROM `kbs`.`cach_dieu_tri_benh` WHERE (`id` = '51');
DELETE FROM `kbs`.`cach_dieu_tri_benh` WHERE (`id` = '52');
DELETE FROM `kbs`.`cach_dieu_tri_benh` WHERE (`id` = '53');
UPDATE `kbs`.`cau_hoi_nguyen_nhan` SET `answer` = 'yes' WHERE (`id` = '9');
UPDATE `kbs`.`cau_hoi_nguyen_nhan` SET `cauhoi` = 'Bạn có đang mắc bệnh Hội chứng ruột kích thích không?' WHERE (`id` = '11');
UPDATE `kbs`.`cau_hoi_nguyen_nhan` SET `cauhoi` = 'Bạn có đang bị nồng độ Cholesterol trong máu cao không?' WHERE (`id` = '38');
